airfoil,efficiency_difference
e71.dat,193.4886
ah79100c.dat,77.6362
ah79100b.dat,65.36399999999998
ah94145.dat,99.48389999999999
drgnfly.dat,77.4584
ah80129.dat,43.149
du861372.dat,104.87960000000001
ah63k127.dat,41.17399999999999
ah88k130.dat,39.291899999999984
ah81k144.dat,44.198800000000006
ah82150a.dat,45.00650000000002
e1098.dat,62.145300000000006
ah6407.dat,48.782300000000006
ah93w145.dat,47.45320000000001
ec863914.dat,1.8558999999999912
ah82150f.dat,48.5547
e854.dat,44.37490000000001
ah80140.dat,37.93520000000001
ah93k131.dat,27.363199999999992
ah93k130.dat,24.305200000000013
ah83159.dat,44.575599999999994
ah79100a.dat,28.96730000000001
ah83150q.dat,40.223
ah93w174.dat,40.40329999999999
ah79k132.dat,17.7911
ah93k132.dat,16.01849999999999
ah93156.dat,30.590500000000006
a18sm.dat,39.6713
ah94156.dat,30.247800000000012
ah93157.dat,26.658199999999994
2032c.dat,42.137
ah81131.dat,4.510999999999996
ah79k135.dat,0.9605000000000103
ah79k143.dat,9.539699999999996
ah88k136.dat,11.538499999999999
a18.dat,13.856200000000001
ah80136.dat,-3.7017999999999915
ah93w257.dat,31.94529999999999
ag23.dat,4.569299999999998
ag35.dat,7.261400000000009
ag25.dat,4.706700000000012
ag24.dat,4.2287000000000035
ag26.dat,4.733599999999996
ag36.dat,3.7379999999999995
ag37.dat,3.3519000000000005
ah93w215.dat,5.585400000000007
ag19.dat,2.9047000000000054
ag18.dat,2.4819999999999993
ah21-7.dat,-1.1368999999999971
ag17.dat,1.8525999999999954
ag44ct02r.dat,-0.20889999999999986
ag16.dat,1.1401000000000039
ag38.dat,4.728300000000004
ag54.dat,0.31289999999999907
ag14.dat,1.825800000000001
ag55.dat,0.6798000000000002
ag53.dat,0.4872000000000014
ag52.dat,0.5660999999999916
ag13.dat,1.1839999999999975
ag45ct02r.dat,-1.110599999999991
ag12.dat,0.9523000000000081
ag11.dat,1.2376000000000005
ag03.dat,-0.14069999999999538
ag455ct02r.dat,-1.1463000000000108
ah93w300.dat,21.2387
ag04.dat,-0.8282999999999987
ag45c03.dat,-7.7357000000000085
ag08.dat,-0.2541999999999973
ah94w301.dat,15.758200000000002
ag46ct02r.dat,-2.306200000000004
ag09.dat,-0.46009999999999707
ah21-9.dat,0.028999999999996362
ag10.dat,-1.6590999999999951
ag46c03.dat,-9.548999999999992
ag47ct02r.dat,-5.251000000000005
ag47c03.dat,-13.383499999999998
ah81k144wfKlappe.dat,-6.574299999999994
ag27.dat,-56.333099999999995
ah85l120.dat,-6.734999999999999
ah93w480b.dat,14.304200000000002
ch10sm.dat,42.936200000000014
dae11.dat,107.3522
as6098.dat,47.30439999999999
as6099.dat,30.731499999999983
dae31.dat,100.51900000000002
ah95160.dat,94.8792
as6096.dat,47.5436
as6095.dat,40.1276
dae51.dat,19.400299999999987
cootie.dat,57.45139999999999
curtisc72.dat,30.2984
cr001sm.dat,9.355400000000003
apex16_NASA_CR-201062.dat,17.263900000000007
aquilasm.dat,95.69279999999999
cal2263m.dat,16.808099999999996
clarkz.dat,22.1366
daytonwrightt1.dat,28.9542
clarkv.dat,5.80319999999999
clarkx.dat,11.437899999999999
arad6.dat,22.717100000000002
clarkw.dat,19.275899999999993
clarkysm.dat,13.105999999999995
clarkk.dat,36.9207
davis.dat,9.909300000000002
clarky.dat,10.36330000000001
as6093.dat,18.221400000000003
as6091.dat,7.349000000000004
as6092.dat,10.115300000000005
clarym15.dat,22.271
dae21.dat,19.357400000000013
august160.dat,28.309600000000003
davissm.dat,14.585400000000007
cal1215j.dat,7.043500000000009
clarkyh.dat,18.538299999999992
clarym18.dat,14.017200000000003
bw3.dat,5.2150999999999925
b29tip.dat,-4.9986999999999995
boe106.dat,20.076899999999995
apex16.dat,4.280699999999996
boe103.dat,11.924599999999998
arad10.dat,20.505799999999994
arad13.dat,16.915000000000006
arad20.dat,23.831400000000002
as5048.dat,0.8511000000000024
davis_corrected.dat,-1.487099999999998
as5046.dat,4.671499999999995
as5045.dat,1.8973000000000013
cr1.dat,0.43010000000001014
bte-fk.dat,2.011199999999988
c141f.dat,3.1047999999999973
cal4014l.dat,-9.779499999999999
bacxxx.dat,-0.3902000000000072
b737d.dat,-2.480699999999999
avistar.dat,-3.5394000000000005
atr72sm.dat,1.289999999999992
coanda3.dat,-5.455399999999997
c141e.dat,3.6450999999999993
b737c.dat,-2.6269999999999953
cast102.dat,2.8973999999999904
amsoil1.dat,1.6337000000000046
c141d.dat,2.4291999999999945
b737b.dat,-4.513199999999998
be50.dat,-29.227599999999995
b707e.dat,0.9205999999999932
b707d.dat,0.3995000000000033
ames01.dat,-9.386799999999994
c141c.dat,-1.4997000000000043
c5c.dat,-0.5608999999999895
c5d.dat,-1.2789000000000001
c5e.dat,-1.4373000000000005
b707c.dat,-1.639799999999994
ames03.dat,-12.179400000000001
be50sm.dat,-15.226200000000006
b737a.dat,-4.994400000000006
c5b.dat,-5.2836
bacnlf.dat,1.9174000000000007
amsoil2.dat,-5.4831999999999965
c141b.dat,-7.123899999999999
c141a.dat,-7.807699999999997
cap21c.dat,-8.9022
b540ols.dat,-13.462199999999996
daytonwright6.dat,-32.4969
clarkys.dat,-25.4784
bqm34.dat,-14.017800000000008
c5a.dat,-8.707199999999993
b29root.dat,-26.426099999999998
coanda2.dat,0.18840000000000146
chen.dat,7.978100000000005
coanda1.dat,-1.4230000000000018
bambino6.dat,-9.078999999999997
e193.dat,20.09299999999999
e195.dat,21.222400000000007
e1200.dat,33.7585
e174.dat,14.318300000000008
e201.dat,20.468700000000013
e197.dat,23.680199999999985
e203.dat,28.717100000000002
e1210.dat,53.90650000000001
e205.dat,16.108599999999996
du-80-176-v1.dat,42.036
e176.dat,1.8579000000000008
du-80-141.dat,30.2187
defcnd1.dat,34.8951
e1211.dat,42.9611
e178.dat,-5.337400000000002
e1233.dat,30.95750000000001
defcnd2.dat,22.546800000000005
df101.dat,3.997
defcnd3.dat,11.802699999999987
ds19.dat,1.256299999999996
du84132v.dat,15.57050000000001
e1212.dat,21.86840000000001
e1230.dat,19.244100000000003
ds21.dat,0.4894999999999925
df102.dat,5.683300000000003
e180.dat,-0.31109999999999616
dfvlrr4.dat,17.501700000000007
dsma523b.dat,22.894499999999994
e1212mod.dat,5.160200000000003
e1213.dat,-4.516000000000005
e1214.dat,-1.2604999999999933
dormoy.dat,1.4191000000000003
doa5.dat,-1.4890999999999934
e182.dat,-4.137499999999996
e168.dat,-18.412399999999998
e169.dat,-23.749799999999993
du8608418.dat,-8.6847
e171.dat,-10.9589
dga1182.dat,-8.957999999999998
dh4009sm.dat,-1.197499999999998
dbln526.dat,-2.1482999999999954
dga1138.dat,-43.4417
e63.dat,96.28129999999999
e58.dat,44.7868
e664ex.dat,15.23490000000001
e396.dat,97.96900000000001
e395.dat,91.7562
e397.dat,94.86390000000002
e385.dat,88.50479999999999
e398.dat,96.3126
e471.dat,46.67070000000001
e423.dat,55.0634
e657.dat,80.02780000000001
e399.dat,89.32960000000001
e654.dat,84.9619
e694.dat,59.81469999999999
e656.dat,77.5674
e420.dat,54.3648
e435.dat,73.0036
e587.dat,69.8168
e662.dat,67.0474
e393.dat,59.53030000000001
e216.dat,27.13499999999999
e678.dat,69.49430000000001
e585.dat,59.6079
e668.dat,46.730000000000004
e431.dat,58.87849999999999
e655.dat,64.55739999999999
e591.dat,55.91260000000001
e422.dat,84.66980000000001
e214.dat,50.99990000000001
e582.dat,55.595
e434.dat,45.75179999999999
e433.dat,42.591499999999996
e421.dat,57.23639999999999
e210.dat,63.8626
e432.dat,58.236599999999996
e583.dat,57.41329999999999
e580.dat,59.031400000000005
e392.dat,30.067099999999996
e66.dat,22.610800000000012
e59.dat,0.0
e604.dat,53.91069999999999
e67.dat,25.407700000000006
e407.dat,24.978300000000004
e561.dat,63.460600000000014
e560.dat,60.17490000000001
e68.dat,26.839499999999987
e584.dat,49.04560000000001
e557.dat,44.212900000000005
e387.dat,14.82289999999999
e562.dat,47.07600000000001
e748.dat,58.66150000000002
e559.dat,50.38430000000001
e639.dat,41.90849999999999
e403.dat,13.24690000000001
e603.dat,47.5039
e598.dat,23.3343
e417.dat,6.525199999999998
e64.dat,2.162400000000005
e62.dat,0.0
e593.dat,23.187700000000007
e207.dat,13.906999999999996
e553.dat,35.24600000000001
e551.dat,32.8117
e793.dat,34.6181
e638.dat,29.000800000000012
e682.dat,19.7149
e554.dat,34.8244
e642.dat,21.2393
e552.dat,33.82400000000001
e556.dat,25.343400000000003
e220.dat,3.7767000000000053
e212.dat,8.902500000000003
e664.dat,18.042500000000004
e211.dat,8.417300000000012
e266.dat,21.8425
e222.dat,2.098799999999997
e209.dat,7.277299999999997
e549.dat,21.0313
e540.dat,10.619500000000002
e558.dat,24.115300000000005
e544.dat,14.119299999999996
e555.dat,15.762
e545.dat,15.624900000000011
e541.dat,6.9285
e550.dat,20.6922
e715.dat,12.7774
e334.dat,9.696799999999996
e543.dat,8.1023
e374.dat,-5.361799999999988
e637.dat,10.638000000000005
e547.dat,8.880399999999995
e546.dat,7.745999999999995
e329.dat,8.6323
e339.dat,10.3446
e502.dat,-5.2771999999999935
e224.dat,0.6029999999999944
e548.dat,7.485200000000006
e817.dat,-33.52120000000001
e221.dat,-1.0073999999999899
e231.dat,-0.16859999999999786
e344.dat,9.889799999999994
e542.dat,1.3641000000000076
e333.dat,-2.59729999999999
e328.dat,-1.8545999999999907
e636.dat,-0.513300000000001
e49.dat,38.644600000000004
e338.dat,-1.8285999999999945
e343.dat,-0.7860000000000014
e818.dat,-29.994699999999995
e332.dat,-12.441300000000012
e226.dat,-0.40639999999999077
e426.dat,-9.159999999999997
e635.dat,-5.302999999999997
e327.dat,-13.358500000000006
e485.dat,-10.0
e428.dat,-10.501500000000007
e337.dat,-12.826700000000002
e361.dat,-8.362199999999994
e342.dat,-11.215600000000002
e360.dat,-11.985799999999998
e331.dat,-20.222100000000005
e625.dat,-15.424499999999995
e472.dat,-16.0942
e477.dat,-15.089000000000006
e476.dat,-15.703000000000003
e520.dat,-9.378000000000007
e478.dat,-24.3574
e336.dat,-22.245900000000006
e521.dat,-11.012799999999999
e474.dat,-24.2562
e473.dat,-28.520700000000005
e297.dat,-7.779199999999996
e475.dat,-24.708400000000005
e479.dat,-37.254999999999995
fg1.dat,345.60980000000006
fx72150a.dat,88.20649999999999
fx63137sm.dat,48.251000000000005
fx67k150.dat,64.77369999999999
fx63120.dat,51.79010000000001
fx67k170.dat,63.7628
fx61184.dat,52.59010000000001
fx63110.dat,35.68739999999998
fx61168.dat,55.920100000000005
fx63137.dat,20.711399999999998
fx63100.dat,26.09360000000001
fx05188.dat,42.62450000000001
fx08s176.dat,55.7671
fx61147.dat,48.9315
fx049915.dat,74.6808
e853.dat,26.250200000000007
fx66s161.dat,44.12989999999999
fx61140.dat,40.608999999999995
fx2.dat,66.0928
fx05h126.dat,24.980800000000002
fx05191.dat,28.727099999999993
fx66s171.dat,43.6348
fx60100sm.dat,21.001100000000008
fx66196v.dat,44.432
fx66182.dat,44.8309
fg3.dat,58.638000000000005
e856.dat,41.73780000000001
e855.dat,32.340199999999996
eiffel385.dat,30.0685
fx057816.dat,42.2886
fx60126.dat,26.375799999999998
fx6617ai.dat,37.2469
fx66a175.dat,40.75619999999999
e852.dat,0.1384000000000043
fx6617a2.dat,34.603300000000004
fx601001.dat,18.04140000000001
fx60160.dat,17.33380000000001
fx60100.dat,12.8095
fx601261.dat,17.915999999999997
e857.dat,34.9979
fg2.dat,46.015299999999996
fx66s196.dat,26.292299999999997
e851.dat,-0.5584999999999951
e908.dat,-7.431100000000001
fx63158.dat,38.587500000000006
fx60177.dat,2.5006000000000057
e858.dat,25.2348
fx082512.dat,10.628799999999998
fx66h80.dat,-4.6357
fx63145.dat,34.9514
fx69h098.dat,0.9615000000000009
eiffel428.dat,15.5578
fx68h120.dat,6.2150999999999925
fx69h083.dat,-0.9997000000000043
eh2010.dat,-9.8784
falcon.dat,-2.7224999999999966
eiffel430.dat,19.591500000000003
fx60157.dat,2.033299999999997
eh1590.dat,-3.168900000000008
eiffel371.dat,5.487499999999997
eh2070.dat,-3.545899999999989
eh2012.dat,-14.533100000000005
fg4.dat,29.878300000000003
fx69pr281.dat,16.657400000000003
eh1090.dat,-1.1066000000000003
e850.dat,-6.502600000000001
fx66h60.dat,-1.1422000000000025
e838.dat,-7.819600000000001
fx63143.dat,10.187200000000004
fx38153.dat,-1.7843000000000018
e837.dat,-0.9750999999999976
eh2510.dat,-5.219900000000003
fauvel.dat,-24.701399999999992
eh1070.dat,-0.19839999999999947
eh3012.dat,-6.229399999999998
eh0009.dat,-7.175999999999995
e874.dat,0.049399999999998556
fx71089a.dat,-7.539199999999994
ea81006.dat,-10.903500000000001
e862.dat,-12.688200000000002
e836.dat,-8.201099999999997
fx71120.dat,-15.909500000000001
ea61012.dat,-14.982799999999997
ea61009.dat,-13.932399999999994
fx711520.dat,-12.905199999999994
e863.dat,-13.593499999999999
fx711530.dat,-18.541700000000006
fx71l150.dat,-18.541700000000006
fx711525.dat,-20.0478
e864.dat,-15.299700000000001
fx76mp120.dat,103.63639999999998
fx76mp140.dat,97.5975
fx72ls160.dat,113.25379999999998
fx74modsm.dat,81.1533
fx74080.dat,33.88760000000002
fx74130wp2.dat,75.99260000000001
fx73cl2152.dat,72.42089999999999
fx76mp160.dat,63.30129999999998
fx73170.dat,73.9722
fx73k170.dat,62.55739999999999
fx78k140.dat,52.1459
fx74130wp1.dat,56.813800000000015
fx74cl6140.dat,79.6611
fx83w108.dat,41.70690000000002
fx84w140.dat,44.8086
fx73170a.dat,55.8202
fx84w150.dat,42.929199999999994
fx74130wp2mod.dat,34.9102
fx73cl3152.dat,64.55990000000001
fx84w127.dat,32.394499999999994
fx73cl1152.dat,73.532
fx84w175.dat,42.94619999999999
fx75141.dat,28.60119999999999
fx78k140a20.dat,40.2234
fx75193.dat,49.3156
fx83w160.dat,30.493899999999996
fx79w151a.dat,36.1952
fx78k150.dat,34.2007
fx77w121.dat,35.5698
fx84w097.dat,4.189099999999996
fx78pk188.dat,22.492800000000003
fx77w153.dat,26.6006
fx75vg166.dat,21.9803
fx79k144.dat,3.498100000000008
fx77w258.dat,37.194199999999995
fx80080.dat,-5.956600000000009
fx78k161.dat,-2.2781999999999982
fx77w270.dat,37.222699999999996
fx77w343.dat,36.525999999999996
fx77w270s.dat,18.6708
fx83w227.dat,-6.8049000000000035
fx77080.dat,-6.231099999999991
fx76100.dat,-12.0415
fx79l120.dat,-22.671200000000006
fx79l100.dat,-29.233200000000004
fx79w660a.dat,-2.4864
goe287.dat,333.4492
goe278.dat,968.4661
goe275.dat,844.9753000000001
goe324.dat,432.8231
goe315.dat,597.7693999999999
goe366.dat,578.1479
goe364.dat,366.67369999999994
goe329.dat,319.6783
goe331.dat,344.04630000000003
goe242.dat,71.0545
goe233.dat,58.097300000000004
goe227.dat,62.2294
goe225.dat,64.0018
goe234.dat,45.14189999999999
goe395.dat,78.64979999999998
goe239.dat,87.7911
goe332.dat,88.48679999999999
goe226.dat,49.02059999999999
goe301.dat,85.77510000000001
goe217.dat,69.8555
goe304.dat,80.8461
goe241.dat,41.29799999999999
goe243.dat,87.04039999999999
goe311.dat,69.03999999999999
goe228.dat,50.591899999999995
goe330.dat,65.88380000000001
goe264.dat,64.19939999999998
goe173.dat,84.9786
goe265.dat,59.917500000000004
goe269.dat,59.273099999999985
goe358.dat,51.07470000000001
goe284.dat,67.59809999999999
goe190.dat,54.598200000000006
goe322.dat,61.247399999999985
goe387.dat,55.55059999999999
goe361.dat,69.14229999999999
goe379.dat,22.811400000000006
goe244.dat,20.45620000000001
goe222.dat,19.81490000000001
goe398.dat,39.7294
goe394.dat,39.22609999999999
goe13k.dat,32.958899999999986
goe289.dat,52.98389999999999
goe187.dat,75.6923
goe164.dat,51.518699999999995
goe308.dat,52.640699999999995
goe323.dat,46.81620000000001
goe277.dat,31.999200000000002
goe359.dat,-565.2083
goe255.dat,49.9461
goe370.dat,22.504499999999993
goe256.dat,38.81349999999999
goe279.dat,49.12570000000001
goe288.dat,46.7543
goe328.dat,45.9922
goe382.dat,55.12750000000001
goe399.dat,12.998400000000004
goe390.dat,53.847300000000004
goe384.dat,53.6216
goe365.dat,43.6031
goe137.dat,16.209100000000007
goe389.dat,23.396900000000002
goe142.dat,17.008300000000006
goe320.dat,57.6484
goe167.dat,47.55449999999999
goe14.dat,93.07730000000001
goe385.dat,20.6747
goe195.dat,30.985199999999992
goe321.dat,38.27290000000001
goe383.dat,35.0531
goe381.dat,-742.1532
goe298.dat,49.0757
goe29b.dat,43.1515
goe184.dat,32.322900000000004
goe316.dat,27.6999
goe400.dat,28.408999999999992
goe377.dat,3.9435000000000002
goe198.dat,50.0323
goe386.dat,39.6186
goe309.dat,44.5553
goe300.dat,30.411200000000008
goe367.dat,20.22030000000001
goe144.dat,21.138400000000004
goe176.dat,34.152
goe318.dat,12.1982
goe155.dat,22.266800000000003
goe290.dat,16.873199999999997
goe403.dat,-2.0811999999999955
goe396.dat,1.9271999999999991
goe285.dat,15.646500000000003
goe140.dat,30.673600000000008
goe238.dat,23.1806
goe223.dat,26.625600000000006
goe174.dat,22.122699999999995
goe165.dat,24.849000000000004
goe281.dat,50.82869999999999
goe177.dat,9.512
goe380.dat,10.160699999999991
goe15k.dat,14.259500000000003
goe240.dat,9.166899999999998
goe397.dat,9.932500000000005
goe344.dat,6.967399999999998
goe280.dat,-534.4407
goe14k.dat,1.410899999999998
goe314.dat,15.191000000000003
goe282.dat,12.4927
goe392.dat,-26.713700000000003
goe369.dat,-2.365700000000004
goe391.dat,-3.365799999999993
goe303.dat,0.8389000000000095
goe362.dat,-33.5505
goe404.dat,10.26870000000001
goe336.dat,1.5840000000000032
goe401.dat,1.4701000000000022
goe147.dat,6.1240999999999985
goe363.dat,9.570400000000006
goe235.dat,19.539
goe371.dat,-6.640000000000001
goe335.dat,-23.822199999999995
goe16k.dat,10.905500000000004
goe210.dat,-20.8228
goe326.dat,-31.229200000000006
goe182.dat,0.6332000000000022
goe325.dat,-0.2785999999999973
goe393.dat,-13.490499999999997
goe178.dat,-7.413899999999998
goe372.dat,-38.2945
goe276.dat,-5.846000000000004
goe368.dat,-9.758799999999994
goe229.dat,13.035599999999995
goe143.dat,-35.084999999999994
goe310.dat,-2.534800000000004
goe180.dat,-44.4163
goe388.dat,24.069499999999998
goe286.dat,-26.185200000000002
goe376.dat,-1.428600000000003
goe374.dat,-437.6461
goe346.dat,-46.408699999999996
goe448.dat,111.56629999999998
goe07k.dat,49.158699999999996
goe447.dat,68.24889999999999
goe441.dat,71.64
goe446.dat,79.04370000000002
goe405.dat,65.5958
goe08k.dat,69.16389999999998
goe426.dat,52.833600000000004
goe423.dat,57.46670000000002
goe413.dat,59.7769
goe06k.dat,-0.600200000000001
goe425.dat,54.666
goe412.dat,48.582800000000006
goe123.dat,101.31619999999998
goe428.dat,33.727299999999985
goe12k.dat,13.294899999999998
goe414.dat,41.826800000000006
goe437.dat,21.15939999999999
goe431.dat,36.43390000000001
goe430.dat,46.5792
goe406.dat,63.0051
goe115.dat,34.540099999999995
goe433.dat,43.4726
goe449.dat,36.1682
goe434.dat,51.3951
goe440.dat,9.64070000000001
goe408.dat,26.732799999999997
goe422.dat,50.2141
goe418.dat,44.8164
goe101.dat,12.086699999999993
goe424.dat,37.819900000000004
goe436.dat,24.031499999999994
goe442.dat,15.495599999999996
goe438.dat,20.463300000000004
goe421.dat,24.917299999999997
goe419.dat,0.21470000000000766
goe456.dat,-10.217699999999994
goe415.dat,17.607799999999997
gm15sm.dat,5.424800000000005
fxm2.dat,-115.14930000000001
goe450.dat,16.57119999999999
goe420.dat,26.363499999999988
goe435.dat,43.198499999999996
goe427.dat,12.746200000000002
fxs03182.dat,10.352699999999999
geminism.dat,7.168500000000009
fxs21158.dat,18.49820000000001
fx84w218.dat,14.662000000000006
goe09k.dat,80.59889999999999
goe121.dat,22.991
goe116.dat,3.1226000000000056
goe118.dat,6.882000000000005
glennmartin3.dat,26.164700000000003
goe117.dat,-3.8432999999999993
goe11k.dat,-23.7119
glennmartin4.dat,21.338200000000008
goe100.dat,0.010300000000000864
glennmartin2.dat,13.161899999999996
goe407.dat,-2.6480999999999995
goe439.dat,-37.4024
goe05k.dat,39.830099999999995
goe122.dat,-6.006600000000006
giiin.dat,-4.27470000000001
goe416a.dat,0.5918000000000063
giiim.dat,-3.5752999999999986
giiil.dat,-3.9296000000000078
giiik.dat,-3.539900000000003
goe10k.dat,24.419099999999993
giiij.dat,-4.116
giiii.dat,-3.892399999999995
giiih.dat,-3.2268999999999934
fxs02196.dat,17.335499999999996
giiig.dat,-2.6713000000000022
goe432.dat,-37.227999999999994
giiie.dat,-4.869199999999999
giiif.dat,-4.565300000000001
giiid.dat,-5.2291000000000025
goe457.dat,-43.2548
goe133.dat,-45.2977
giiic.dat,-7.020800000000001
goe114.dat,-0.5238000000000014
giiib.dat,-13.755399999999995
fxl142k.dat,-15.026699999999998
goe410.dat,-19.353299999999997
fxlv152.dat,-11.361600000000003
goe113.dat,-41.7012
goe409.dat,-15.106699999999996
goe411.dat,-10.413600000000002
goe429.dat,-34.5847
goe257.dat,0.0
goe443.dat,10.895600000000002
goe444.dat,18.3896
goe574.dat,79.43079999999998
goe482.dat,72.7032
goe652.dat,24.8673
hq300gd2.dat,66.41100000000002
goe500.dat,53.314200000000014
goe529.dat,64.29240000000001
goe584.dat,41.290199999999984
goe528.dat,65.21710000000002
goe508.dat,51.9863
goe573.dat,80.58709999999999
goe562.dat,82.70289999999999
goe501.dat,53.36649999999999
goe527.dat,56.8368
goe692.dat,50.21520000000001
goe591.dat,38.10400000000001
goe523.dat,7.870399999999989
goe525.dat,7.870399999999989
goe533.dat,51.480900000000005
goe553.dat,52.7385
goe610bm.dat,63.144699999999986
goe496.dat,41.65219999999999
goe462.dat,116.42519999999999
hq17.dat,36.83020000000002
goe503.dat,64.4554
goe502.dat,55.20389999999999
goe611.dat,63.0693
goe499.dat,29.575400000000002
goe549.dat,31.29310000000001
goe675.dat,54.07560000000001
goe547.dat,13.515500000000003
goe550.dat,49.431
goe497.dat,38.919799999999995
goe478.dat,36.816
goe567.dat,48.409300000000016
goe624.dat,41.6558
goe592.dat,55.378699999999995
goe682.dat,21.2312
goe494.dat,54.952
goe701.dat,42.415099999999995
goe535.dat,52.924899999999994
goe517.dat,15.113199999999992
goe498.dat,45.39220000000002
goe654.dat,33.2291
goe493.dat,26.321200000000005
goe509.dat,39.67620000000001
goe596.dat,16.675200000000004
goe526.dat,33.067899999999995
hq358.dat,-2.8917000000000144
hq359.dat,7.4964999999999975
goe479.dat,20.295699999999997
goe504.dat,36.4384
goe604.dat,40.8565
goe572.dat,55.9855
goe615.dat,34.3241
goe702.dat,50.3258
hq3510.dat,6.817700000000002
goe630.dat,44.368700000000004
goe593.dat,16.287999999999997
goe655.dat,32.4893
goe602m.dat,7.5234999999999985
goe623.dat,12.3844
goe613.dat,17.27879999999999
goe477.dat,6.662999999999997
goe647.dat,44.5977
hq3010.dat,7.449200000000005
hq3011.dat,6.724499999999992
goe626.dat,41.4101
goe612.dat,26.5411
hq309.dat,-2.120500000000007
goe621.dat,26.048500000000004
goe458.dat,-9.255899999999997
goe602.dat,7.361599999999996
hs1712.dat,40.348600000000005
goe625.dat,53.0381
goe645.dat,39.778499999999994
goe495.dat,-6.842700000000008
hq3512.dat,6.469099999999997
hq3013.dat,11.452100000000002
goe483.dat,18.78179999999999
goe534.dat,35.8026
hq3012.dat,8.61760000000001
hq3513.dat,7.667000000000002
hq308.dat,-5.3903000000000105
hq3014.dat,11.991200000000006
goe546.dat,0.6692000000000036
hq3015.dat,12.90570000000001
goe693.dat,10.927800000000005
hq3514.dat,14.381600000000006
goe532.dat,20.3634
goe590.dat,0.3459000000000003
hq3518.dat,22.242100000000008
goe585.dat,13.668700000000001
goe646.dat,27.61869999999999
goe628.dat,32.8977
goe673.dat,-2.269300000000001
goe595.dat,8.896999999999991
goe619.dat,24.2543
goe648.dat,26.2162
hs1708.dat,5.376200000000011
goe685.dat,27.741699999999994
goe629.dat,12.084299999999999
goe480.dat,22.635400000000004
goe650.dat,15.331900000000005
hq2511.dat,6.439700000000002
goe670.dat,7.898699999999991
goe679.dat,25.177999999999997
hq258.dat,-1.4688999999999908
hq2510.dat,2.327300000000008
hq259b.dat,5.18889999999999
hq2590sm.dat,5.050799999999995
hs1404.dat,-7.490799999999993
hq2512.dat,3.2103000000000037
hq259.dat,-2.8743999999999943
goe484.dat,6.282999999999987
goe632.dat,72.2769
goe610b.dat,11.8579
goe566.dat,7.7187999999999874
goe633.dat,8.858900000000006
goe507.dat,-1.3500999999999976
goe565.dat,5.665099999999995
goe474.dat,61.5643
hs1606.dat,-4.562300000000008
hq2010.dat,3.5871999999999957
goe620.dat,11.723100000000002
goe564.dat,8.507499999999993
goe627.dat,19.648799999999994
goe614.dat,21.744199999999992
goe464.dat,29.5736
goe488.dat,0.8298000000000059
goe600.dat,2.2516999999999996
goe681.dat,12.025199999999998
hq2090sm.dat,1.0795999999999992
hq2195.dat,-0.09720000000000084
hq2012.dat,5.096599999999995
goe563.dat,1.8019000000000034
goe476.dat,7.228099999999998
goe575.dat,73.2979
hq209.dat,-1.613900000000001
goe506.dat,15.659500000000008
goe676.dat,-2.7446000000000055
hq1510.dat,0.03660000000000707
goe57.dat,15.235600000000005
hq208.dat,0.2615999999999872
goe617.dat,1.1206999999999994
goe510.dat,13.2975
goe491.dat,4.995100000000008
hq1511.dat,-0.7955000000000041
goe622.dat,0.059499999999999886
hq1512.dat,-0.5485000000000042
goe522.dat,15.322799999999994
hs1620.dat,11.087999999999994
goe548.dat,-1.1643000000000114
hq159.dat,-0.4848999999999961
goe512.dat,8.976199999999992
goe677.dat,-7.763499999999993
goe492.dat,-32.59320000000001
hq158.dat,-0.2757999999999896
goe683.dat,5.770800000000008
hq159b.dat,0.15689999999999316
hq1585.dat,-1.1252999999999957
goe530.dat,-1.564399999999992
goe587.dat,-2.0925999999999902
goe481a.dat,6.340900000000005
goe55.dat,0.1436999999999955
goe481.dat,36.3984
goe511.dat,10.176800000000007
goe599.dat,-0.25950000000000273
goe490.dat,-35.5062
goe601.dat,-14.385400000000004
goe514.dat,3.061399999999999
hsnlf213.dat,-1.9731000000000023
goe513.dat,-8.326799999999999
goe505.dat,-14.162199999999999
goe559.dat,8.334400000000002
goe518.dat,1.2259000000000029
goe561.dat,7.944399999999995
goe703.dat,-20.155800000000006
ht12.dat,-4.487299999999998
goe571.dat,7.641500000000001
ht05.dat,-5.873599999999996
ht08.dat,-3.9890000000000043
goe515.dat,-53.354
goe598.dat,-1.3385999999999996
goe802b.dat,216.1223
goe804.dat,71.50979999999998
goe801.dat,0.0
goe802.dat,0.0
gu255118.dat,72.047
goe803h.dat,68.1054
goe758.dat,39.10109999999999
gs1.dat,47.49380000000001
goe723.dat,37.15560000000001
goe797.dat,46.5377
hor12.dat,47.90210000000002
goe798.dat,53.7328
goe746.dat,26.385099999999994
goe711.dat,59.715999999999994
hobiesm.dat,5.993199999999987
goe777.dat,36.72659999999999
goe796.dat,4.4358999999999895
goe769.dat,24.1772
goe802a.dat,58.0149
goe795sm.dat,-0.6612999999999971
goe770.dat,21.585700000000003
hor20.dat,26.611500000000007
goe741.dat,8.51740000000001
hor07.dat,17.697199999999995
goe735.dat,9.945999999999998
goe795.dat,-1.5777999999999963
goe744.dat,10.640799999999999
goe738.dat,-5.111900000000006
goe767.dat,-4.748400000000004
hobie.dat,-13.881599999999992
hq1010.dat,-1.108399999999989
goe766.dat,-9.144000000000005
hq1012.dat,-6.563199999999995
hh02.dat,-10.449799999999996
hq109.dat,-2.6988000000000056
goe704.dat,-7.1173
hq108.dat,-0.6102999999999952
hor04.dat,0.5122999999999962
hq09.dat,-3.910599999999995
hq010.dat,-16.4041
hs1430.dat,-5.048299999999998
goe570.dat,-2.6449999999999996
ist-mt1-15.dat,85.75549999999998
ist-mt1-12.dat,78.1668
ist-mt1-18.dat,72.84649999999999
lrn1015.dat,60.053799999999995
ist-mt1-21.dat,75.876
ist-mt1-24.dat,78.56609999999999
jn153.dat,79.78840000000001
la5055.dat,68.6765
k3311sm.dat,24.292
k3311.dat,20.641599999999997
l7769.dat,56.1008
isa962.dat,36.731899999999996
legionair140_sm.dat,14.356300000000005
isa571.dat,18.121399999999994
l188tip.dat,-5.864200000000011
kc135winglet.dat,2.5544999999999902
ls413.dat,-0.23080000000000211
isa961.dat,25.3934
lds2.dat,0.9367000000000019
l188root.dat,-0.7776000000000067
kc135d.dat,-0.883499999999998
lnv109a.dat,17.801199999999994
k3.dat,-0.35089999999999577
l1003.dat,24.9373
isa960.dat,18.065299999999993
kc135c.dat,-0.9701000000000022
jx-gs-15.dat,-0.20220000000000482
jx-gs-06.dat,-2.6345000000000027
jx-gs-10.dat,-1.3226999999999975
jx-gs-04.dat,-4.1706999999999965
kc135b.dat,-4.010300000000001
k1.dat,6.352900000000005
lg10sc.dat,-4.7623999999999995
la2573a.dat,-21.058000000000007
kc135a.dat,-18.358099999999993
ht23.dat,-5.821799999999996
ht22.dat,-5.921599999999998
joukowsk.dat,-15.952299999999994
ht14.dat,-13.787999999999997
k2.dat,-2.9902000000000015
ht13.dat,-11.263100000000001
ht34.dat,-8.251100000000001
ht33.dat,-6.630000000000003
ls013.dat,-12.953400000000002
j5012.dat,-16.5206
ht21.dat,-5.359999999999999
m21.dat,50.0347
m15.dat,26.11999999999999
m14.dat,13.781099999999995
m17.dat,12.202399999999997
ma409sm.dat,-1.4664999999999964
ls421mod.dat,35.6999
ls421.dat,20.230099999999993
m24.dat,33.3116
m18.dat,17.8497
mh102.dat,19.61670000000001
ls413mod.dat,13.514200000000002
ls417.dat,4.288200000000003
ls417mod.dat,31.79079999999999
marske7.dat,-4.551199999999994
m13.dat,16.412299999999988
mb253515sm.dat,0.9751999999999867
m9.dat,22.842
ma409.dat,0.12720000000000198
m8.dat,33.2995
m12.dat,-0.04049999999999443
m11.dat,0.11269999999998959
mh104.dat,-8.852000000000004
m6.dat,-6.161599999999993
m685.dat,-0.5553000000000026
m5.dat,-0.19529999999998893
marske1.dat,62.8027
m10.dat,-2.896100000000004
m4.dat,-1.5298000000000016
m665.dat,-2.2357999999999976
marske4.dat,-12.627900000000004
marske3.dat,-15.944899999999997
marske2.dat,-15.829199999999993
lwk79100.dat,-10.9525
marske5.dat,-13.158899999999996
m1.dat,-6.522199999999998
m2.dat,-13.632100000000001
m3.dat,-16.744799999999998
m26.dat,-6.847999999999999
lwk80120k25.dat,-18.4039
m19.dat,-38.224500000000006
m25.dat,-370.7633
m23.dat,0.0
m16.dat,-89.44569999999999
m22.dat,-66.7345
mh114.dat,60.66420000000001
mh112.dat,60.95899999999999
mh113.dat,59.94279999999999
mh115.dat,70.5147
mh116.dat,22.8074
mh38.dat,23.4144
mh122.dat,12.086299999999994
mh18.dat,-2.2201999999999913
mh201.dat,7.920600000000007
mh200.dat,-0.7807999999999993
mh83.dat,33.912099999999995
mh84.dat,43.8186
mh121.dat,-0.6257999999999981
mh70.dat,8.860399999999998
mh117.dat,0.17680000000000007
mh32.dat,1.3526999999999987
mh82.dat,10.572999999999993
mh120.dat,-8.830799999999996
mh81.dat,5.510300000000001
mh42.dat,0.10729999999999507
mh20.dat,-2.7280999999999977
mh60.dat,-4.974000000000004
mh44.dat,-2.809100000000001
mh61.dat,-2.5327999999999946
mh43.dat,-0.39740000000000464
mh126.dat,13.122
mh62.dat,-4.619500000000002
mh80.dat,-3.771100000000004
mh30.dat,-0.7604999999999933
mh64.dat,-3.306699999999992
mh23.dat,-0.7762000000000029
mh33.dat,-2.882800000000003
mh22.dat,-0.7792999999999921
mh24.dat,-3.6499000000000024
mh25.dat,-3.2879000000000005
mh26.dat,-2.343499999999999
mh91.dat,-19.076399999999992
mh27.dat,-6.031500000000001
mh78.dat,-21.310899999999997
griffith30SymSuction.dat,-2.705400000000001
ua79sfm.dat,56.45349999999999
nlf1015.dat,90.53120000000001
n1h15.dat,110.41129999999998
nlf0215f.dat,72.84870000000001
n22.dat,41.8934
n11h9.dat,26.188699999999997
nn7mk20.dat,40.088200000000015
n11.dat,30.911500000000018
n24.dat,52.8882
n10.dat,35.8892
miley.dat,35.870099999999994
mrc-16.dat,22.54910000000001
n642415.dat,21.905200000000008
n63415.dat,20.1528
mue139.dat,48.9102
nlf416.dat,37.4692
oaf095.dat,18.044600000000003
mrc-20.dat,13.582100000000011
nlf415.dat,6.930499999999995
n63412.dat,3.47590000000001
n6409.dat,5.7309999999999945
n2415.dat,5.117699999999999
n63215.dat,-0.03480000000000416
ms313.dat,15.038299999999992
n2414.dat,-6.7394999999999925
ms317.dat,13.474199999999996
n63212.dat,-0.5349000000000075
n64212ma.dat,8.099399999999996
n64212mb.dat,-0.8960999999999899
n63215b.dat,0.49790000000000134
mh94.dat,-1.0120000000000005
mh95.dat,-4.199100000000001
n5h15.dat,-17.7151
n5h20.dat,-1.6063999999999936
n64212.dat,-6.3629999999999995
mi-vawt1.dat,-4.086400000000005
n63210.dat,-0.37519999999999953
n0009sm.dat,-12.241099999999996
n63015a.dat,-8.576100000000004
n5h10.dat,-10.250900000000001
n0012.dat,-16.136799999999994
n64015.dat,-7.623399999999997
n64108.dat,-2.5900999999999996
n2h15.dat,-40.8423
n64015a.dat,-10.425699999999999
n13.dat,-15.2513
n63012a.dat,-13.317300000000003
n64110.dat,-15.078800000000001
n63010a.dat,-9.055499999999995
n64012.dat,-12.887599999999999
n64012a.dat,-12.474999999999994
n14.dat,-16.656000000000006
n64008a.dat,-2.3929999999999936
mi-strut1.dat,-17.8836
psu94097.dat,22.1246
psu-90-125wl.dat,9.3266
n8h12.dat,7.928700000000006
prandtl-d-centerline.dat,3.6173
oaf102.dat,12.5034
n9.dat,7.895499999999998
n6h10.dat,-11.488500000000002
oaf117.dat,8.248200000000011
pt40.dat,26.560100000000006
nlf414f.dat,-10.4422
nasasc2-0714.dat,21.701700000000002
p51droot.dat,0.8041000000000054
n6h15.dat,-7.651299999999992
n64215.dat,-5.557200000000009
oa213.dat,1.4107999999999947
nl722362.dat,2.742500000000007
nlf0115.dat,-3.464100000000002
nlr1t.dat,-0.7530000000000001
oaf128.dat,-2.2805000000000035
pmc19sm.dat,-9.437100000000001
ncambre.dat,-7.823900000000009
n6h20.dat,7.450499999999998
oa212.dat,-11.477000000000004
oa209.dat,-9.695399999999992
p51htip.dat,8.582200000000007
n66021.dat,2.3526000000000025
npl9615.dat,-9.424700000000001
p51dtip.dat,-1.9450000000000003
nlr7301.dat,5.491
pfcm.dat,-1.0097000000000023
nl722343.dat,-8.937400000000004
npl9660.dat,-12.406500000000008
npl9627.dat,-8.634300000000003
npl9510.dat,1.846499999999999
oa206.dat,-6.256099999999996
npl9626.dat,-10.859899999999996
nplx.dat,-5.979799999999997
p51hroot.dat,-3.197899999999997
supermarine371ii.dat,231.5611
uag8814320.dat,104.21050000000001
s1210.dat,64.62369999999999
sg6043.dat,60.189899999999994
raf32.dat,64.6054
s1223.dat,51.462500000000006
usa98.dat,86.2028
s1221-4deg-flap.dat,65.0496
s1020.dat,63.06580000000001
saratov.dat,85.6383
ua2-180.dat,98.1881
r1046.dat,72.3035
s4022.dat,42.8689
ua2-180sm.dat,94.6895
sp4621hp.dat,81.42320000000001
s4062.dat,17.796999999999997
s1221.dat,71.69420000000001
stf86361.dat,61.130799999999994
spicasm.dat,38.001699999999985
raf32md.dat,15.548399999999987
s1223rtl.dat,38.87190000000001
s4320.dat,24.317599999999985
ste87391.dat,23.047699999999992
s4158.dat,7.042599999999993
s4180.dat,35.87179999999999
usa35a.dat,72.23549999999999
usa35.dat,72.53550000000001
s4061.dat,18.176699999999997
s4310.dat,21.674199999999985
usa35b.dat,31.068300000000008
sokolov.dat,52.976299999999995
sa7026.dat,8.953500000000005
sg6042.dat,3.983399999999989
vr5.dat,19.80749999999999
sd6080.dat,12.4876
sp4721bs.dat,58.1896
sd7034.dat,20.582599999999985
sp4721la.dat,57.30690000000001
s2091.dat,20.111400000000003
sd7032.dat,32.5822
s7055.dat,16.454800000000006
sg6050.dat,29.90809999999999
sd7062.dat,32.0119
rhodesg32.dat,44.3318
s3025.dat,11.894100000000009
s4083.dat,24.262299999999996
rhodesg34.dat,46.62169999999999
s1091.dat,26.455200000000005
raf19.dat,41.10289999999999
usa27.dat,56.14370000000001
sg6051.dat,10.169700000000006
usnps4.dat,33.7748
vr7.dat,17.0591
usa26.dat,35.82899999999999
usa25.dat,48.471900000000005
stcyr24.dat,29.828699999999998
s9037.dat,12.585099999999997
s3024.dat,5.152200000000008
sa7025.dat,3.359899999999996
s4233.dat,12.211799999999997
sa7038.dat,12.377499999999998
s9104BTE.dat,112.9748
sd7043.dat,4.9388000000000005
sg6040.dat,22.455700000000007
usa27m2.dat,44.0081
ua79sf18.dat,35.39630000000001
sm701.dat,11.754199999999997
sd8040.dat,7.634399999999999
ste87151.dat,-8.066900000000004
tsagi_r3a.dat,9.9311
sg6041.dat,2.598799999999997
tsagi12.dat,-4.567999999999998
stcyr234.dat,-2.4599999999999937
ui1720.dat,14.373800000000003
usa22.dat,-30.696000000000012
ssca09.dat,-10.989400000000003
tempest1.dat,-4.088699999999996
th25816.dat,0.46059999999999945
ssca07.dat,-4.6100000000000065
supermarine371i.dat,-2.719999999999999
tempest2.dat,-3.411900000000003
tsagi8.dat,-0.7792999999999992
tempest3.dat,-3.7068999999999974
sd8020.dat,-13.867500000000007
stcyr171.dat,-10.085300000000004
trainer60.dat,-10.204099999999997
stcyr172.dat,-14.739400000000003
ua79sff.dat,25.956400000000002
waspsm.dat,15.6036
r1080.dat,28.381699999999995
r1082t.dat,22.871300000000005
raf38.dat,16.619100000000003
s4053.dat,-0.4788000000000068
ys930.dat,-13.956100000000006
sd7037.dat,10.320700000000002
r1082.dat,27.204499999999996
raf33.dat,22.82499999999999
raf6prop_sm.dat,47.906499999999994
raf6.dat,22.40939999999999
s3002.dat,16.019800000000004
s2027.dat,17.023700000000005
usa45.dat,30.229799999999997
r1145ms.dat,12.481899999999996
sa7036.dat,8.8159
usa45m.dat,19.861100000000008
s3021.dat,2.3048
s7075.dat,1.6377999999999986
usa40b.dat,32.72879999999999
raf48.dat,17.125600000000006
s3010.dat,8.9204
sa7024.dat,-1.0045000000000073
s4110.dat,1.7257000000000033
sd2083.dat,-0.8791999999999973
sa7035.dat,6.0116999999999905
rhodesg36.dat,44.6178
vr7b.dat,5.528599999999997
rg15a213.dat,14.076800000000006
s8037.dat,7.741199999999992
s2046.dat,10.484100000000012
sd7080.dat,6.621700000000004
rg8.dat,9.279300000000006
s9000.dat,5.469200000000001
usa40.dat,19.54939999999999
sd7084.dat,5.123000000000005
s3014.dat,3.2505000000000024
s9104.dat,92.1326
usa29.dat,17.85690000000001
s7012.dat,-0.944199999999995
raf31.dat,1.9402000000000044
usa31.dat,35.5374
rg15a111.dat,3.6666000000000025
sc21010.dat,-2.358399999999989
sd5060.dat,2.4983999999999895
raf15.dat,75.3509
sd7090.dat,2.4812999999999903
rhodesg30.dat,20.812900000000013
s3016.dat,1.0345999999999975
s2048.dat,2.778400000000005
rg15.dat,-0.3094999999999999
sd2030.dat,1.0959000000000003
sd6060.dat,-0.281099999999995
s5010.dat,1.5031999999999925
raf28.dat,-3.2639000000000067
v43012.dat,10.734399999999994
sc20714.dat,23.803300000000007
sc20712.dat,22.168999999999997
rg12a189.dat,0.9368999999999943
rg12a.dat,0.7988999999999891
sd8000.dat,0.7075999999999993
s8055.dat,-0.08329999999999416
raf34.dat,-2.616499999999988
sd7003.dat,-1.2869000000000028
usa51.dat,4.964399999999998
sc20710.dat,20.055699999999995
rg14.dat,-0.3462999999999994
usa28.dat,5.0652999999999935
v23010.dat,-2.5127999999999986
s8036.dat,-6.480700000000013
sc20612.dat,19.417300000000004
s102s.dat,-0.5614999999999952
sc20614.dat,19.655300000000004
usa34.dat,19.4949
usa41.dat,-7.998499999999993
s102b.dat,-2.649000000000001
s2055.dat,0.11849999999999739
rg149.dat,-0.20190000000000907
wb13535sm.dat,-0.9569999999999936
s2050.dat,1.3267999999999915
vr12.dat,4.259599999999992
rg1495.dat,-0.3440000000000083
rg12.dat,-1.1813999999999965
s4094.dat,6.854900000000001
vr11x.dat,8.41510000000001
sc20610.dat,15.075399999999995
rg1410.dat,-1.2066000000000088
s6061.dat,-0.5564999999999998
s8052.dat,-3.692799999999991
rc510.dat,-2.124300000000005
vr13.dat,0.26139999999999475
sc20518.dat,16.4696
wb140.dat,15.100399999999993
v43015.dat,6.646800000000013
sc1012r8.dat,4.754199999999997
s3.dat,-3.1858000000000004
usa32.dat,13.758400000000002
rc12n1.dat,-0.804000000000002
usa46.dat,-2.1144999999999925
usa33.dat,8.750099999999989
rc12b3.dat,0.0
rc410.dat,-2.3640999999999934
s2060.dat,-0.3920999999999992
vr14.dat,-4.713099999999997
sc1094r8.dat,-0.28820000000000334
rc10n1.dat,-0.5039000000000016
s2062.dat,-0.3830999999999989
v13009.dat,-7.61630000000001
sc20414.dat,9.931800000000003
rae5215.dat,4.076800000000006
whitcomb.dat,14.967099999999995
sc2110.dat,-5.983100000000007
sc21006.dat,-31.901600000000002
rae5213.dat,1.9102999999999923
rae5214.dat,1.2700999999999993
raf26.dat,-0.019500000000007844
vr15.dat,-8.078900000000004
sc20412.dat,6.704200000000007
rc10b3.dat,-1.6899999999999977
rc08n1.dat,-3.9805999999999955
s8064.dat,-0.870199999999997
rae5212.dat,2.864999999999995
rg14a147.dat,-0.7642000000000024
sc20410.dat,4.250399999999999
s4095.dat,7.123100000000001
s6062.dat,-1.961199999999998
vr1.dat,-2.333500000000001
usa48.dat,-0.29530000000000456
s8065.dat,-4.601700000000008
s8038.dat,-10.469700000000003
sc1095.dat,-9.065000000000005
usa49.dat,-4.577300000000001
sc1095r8.dat,-11.6233
rc08b3.dat,-4.424399999999999
s8025.dat,-11.377499999999998
raf69.dat,-11.150100000000002
s8066.dat,-8.1734
s6063.dat,-0.44539999999999935
s1048.dat,-16.988400000000006
rae2822.dat,-1.7657000000000025
rae69ck.dat,-1.7657000000000025
usa5.dat,-6.776399999999995
sc20706.dat,-0.5656000000000034
s9032.dat,-10.6267
ys920.dat,23.8602
vr8b.dat,-1.2028999999999996
s9027.dat,-10.598099999999995
s8023.dat,-16.36050000000001
s1046.dat,-21.273899999999998
sc20606.dat,0.01630000000000109
rc1064c.dat,-8.191099999999999
s9033.dat,-9.5989
w1015.dat,-18.772199999999998
raf25.dat,-2.166499999999999
s4096.dat,7.673200000000001
s1010.dat,-8.519499999999994
s8021.dat,-8.695300000000003
v13006.dat,-1.2864000000000004
rae101.dat,-11.410800000000002
raf30md.dat,-3.0626999999999995
raf27.dat,-14.593499999999999
s8035.dat,-20.474400000000003
rcsc2.dat,-9.043599999999998
ys915.dat,0.17450000000000188
rc1264c.dat,-12.531000000000006
rae102.dat,-11.9555
sc20406.dat,-0.03529999999999944
sc20010.dat,-15.638600000000004
raf30.dat,-14.701299999999996
rae100.dat,-22.741999999999997
sc20012.dat,-14.721499999999999
rae103.dat,-13.9784
r140sm.dat,-4.288399999999996
s1012.dat,-18.103299999999997
rae104.dat,-12.674099999999996
s1014.dat,-11.847899999999996
raf89.dat,-10.205799999999996
s1016.dat,-14.005600000000001
s9026.dat,-38.518600000000006
r140.dat,-4.380600000000001
sc20503.dat,8.682500000000001
r1145msf.dat,12.2655
rc0864c.dat,-14.480999999999998
sc20403.dat,2.875400000000001
s5020.dat,-58.95750000000001
